{
  "basis": "합성데이터/비식별 상담데이터 기준. 실제 HUG 성능 아님.",
  "trained_at": "20260720",
  "seed": 42,
  "recovery_ratio": {
    "n_train": 23168,
    "n_test": 5793,
    "mae": 0.1126362224136232,
    "r2": 0.40369961985216507,
    "grade_accuracy": 0.7191437942344209,
    "grade_macro_f1": 0.5880491553843817
  },
  "days_dropped_negative": 38,
  "days_to_dividend": {
    "n_train": 23138,
    "n_test": 5785,
    "mae": 100.90645394737928,
    "r2": 0.21709910667396548,
    "median_ae_days": 78.60613495083629
  },
  "dispute_clf": {
    "n_train": 748,
    "n_test": 187,
    "accuracy": 0.7379679144385026,
    "macro_f1": 0.7229710640236957,
    "labels": [
      "경매·공매",
      "기타·일반문의",
      "묵시적갱신분쟁",
      "보증금미반환",
      "전세사기"
    ]
  },
  "stage_clf": {
    "n_train": 748,
    "n_test": 187,
    "accuracy": 0.6684491978609626,
    "macro_f1": 0.6046676650977035,
    "labels": [
      "HUG이행청구",
      "내용증명·공시송달",
      "상담·검토",
      "소송제기",
      "임차권등기",
      "판결·집행"
    ]
  }
}